,publish_date,headline_text,GPT_category,GPT_confidence_score
663090,20120102,christchurch mayor bob parker speaks about nz,World,0.9
671156,20120209,capello quits as englands manager,Sports,1
563459,20100915,robotic dairy calms cows but gives farmer nightmare,Sci/Tech,0.9
487170,20090909,crime stats deliver mixed results,World,0.7
239218,20060526,grim winter rain outlook for eastern australia,World,0.9
1083129,20170524,firefighters concerned about new cancer legislation,Other,0.9
816489,20130904,media call brad haddin,Sports,0.9
448477,20090310,couple face court on botched robbery charges,World,0.95
375750,20080409,swan says he is in step with rba,Business,0.9
16697,20030511,bush donates funds to tornado victims,World,0.9
1202240,20200611,george floyds brother urge us congress to pass police reforms,World,0.9
900038,20140902,police seize millions in huge fake viagra swoop,World,0.9
773282,20130325,guam senator urges preparation for north korea strike,World,0.95
798557,20130628,boarder jailed for beating landlord to death,World,0.9
27342,20030630,nightmare race for f1s milestone men,Sports,0.95
316045,20070709,police investigate teen pedestrian death,World,0.9
724465,20120914,abc business news and market analysis,Business,1
548112,20100704,a team falls in one dayer,Sports,0.9
439560,20090128,act sports groups score govt grants,Sports,0.9
108503,20040811,swimming not just australia versus us,Sports,0.9
942960,20150407,central darling shire council to push ahead with sale of 96 pro,Business,0.9
66991,20040116,wolves seek to turn premiership hierarchy upside,Sports,0.9
332471,20070921,teenager jailed for attack on 83 year old,World,0.9
216299,20060202,toddler killed in dog attack,World,0.9
241928,20060608,howard orders holiday petrol price monitoring,Business,0.85
1166641,20190604,snow falls near eukey in se queensland,World,0.7
580724,20101208,loss of houses threat to school,World,0.7
121771,20041016,us reportedly arrests fallujah negotiator,World,0.9
1074637,20170320,asylum seekers make perilous crossing into canada,World,0.9
755139,20130116,guardian launching australian online edition,World,0.9
45678,20030929,welfare group says rents could squeeze out act,Business,0.9
984006,20151007,worlds fastest sailing canegrower gains nationals line honours,Sports,0.9
668618,20120128,test still in the balance,Sports,0.7
713653,20120806,cairns applauds g 20 decision,World,0.9
1103768,20171024,power bill debt distress,Business,0.9
197833,20051101,book dispels archer melbourne cup myth,Sports,0.9
1018379,20160330,turnbull looks to correct tax failure,Business,0.9
796807,20130621,melanesian spearhead group signs off on a,World,0.7
532692,20100420,liverpool focused despite travel woes,Sports,0.9
130103,20041126,restrictions lifted on ukraine tv channel,World,0.9
714882,20120809,ovine johnes disease on the increase in wa,Sci/Tech,0.9
620469,20110615,stocks gain on renewed economic confidence,Business,0.9
29072,20030709,bus strike parties in talks,Business,0.8
249364,20060714,japan ends five year rates hold,Business,0.9
569367,20101014,elderly womans alleged attacker extradited,World,0.9
860552,20140316,qantas future flying kangaroo peter ryan,Business,0.85
1215168,20200924,tasmania government changes to public tenancy laws,World,0.9
743890,20121127,arafat body to be exhumed in poison inquiry,World,0.9
1092579,20170803,concerns of financial abuse raised in wake of hilda survey,Business,0.85
1231118,20210215,which countries already have the pfizer biontech vaccine,World,0.9
885368,20140630,indonesian expats active in upcoming election,World,0.9
913732,20141104,australian dollar has a wild ride,Business,0.9
1011416,20160219,foreign correspondent philip williams untangles,World,0.9
934796,20150228,centennial coal workers in lake macquarie win discrimination ca,Business,0.9
671853,20120213,artist wins bafta,Other,0.95
1171832,20190730,private health insurers heading towards crisis as,Business,0.9
1050221,20160928,pigeon racing facing extinction,Sports,0.9
176318,20050717,police seek girl after 18th birthday party,World,0.7
1091190,20170724,shawn newton arrested after wa manhunt,World,0.9
252889,20060731,wa ministers head for karratha,World,0.7
988680,20151027,rail car deferral sign of tired wa government,World,0.7
644870,20111013,canberra dementia march,World,0.7
215502,20060130,labor plans to pay apprentices tafe fees,Business,0.9
953772,20150525,shivnarine chanderpaul dropped from west indies,Sports,0.9
51332,20031027,chinese president talks sars trade in nz,World,0.9
461384,20090510,bushfire public hearings begin tomorrow,World,0.9
1037154,20160714,hobart woman jailed after conning man on online dating site,Other,0.9
255128,20060811,govt to consult industry on detention improvements,World,0.9
670293,20120205,man faces court after drugs found in car home,World,0.9
915144,20141110,greater taree and great lakes councils at odds over new regiona,World,0.7
714693,20120809,business developments promise jobs boost,Business,0.9
738187,20121105,thousands turn out for melbourne cup parade,Sports,0.9
1093907,20170812,australia donates patrol boats to pacific islands,World,0.9
277301,20070104,fc wont appeal salary cap sentence,Sports,0.9
36028,20030811,more schools join preparatory year trial,World,0.6
472317,20090702,bookkeeper did not hide nuttall transaction,Business,0.9
922373,20141211,news exchange thursday december 11,Other,0.6
1077485,20170409,chelsea march on towards title with win over bournemouth,Sports,0.9
635776,20110830,10th hendra virus death,Sci/Tech,0.9
346142,20071124,nz to play charity twenty20 against bangladesh,Sports,1
1066621,20170120,kimberley cattle country soaked by january rains,World,0.7
902050,20140911,huon aquaculture to list on the asx,Business,0.9
328066,20070902,power sharing talks have stalled bhutto,World,0.9
1236500,20210513,insolvencies fell in half during the pandemic,Business,0.9
598020,20110301,air strike on libyan rebel base,World,0.9
180831,20050808,qld nationals weigh telstra trust fund amount,Business,0.9
925747,20150102,tree branch traps camper in sydney caravan park,World,0.7
438764,20090123,wounded digger keen to return to afghanistan,World,0.85
1121398,20180325,harvest helpers reducing backyard fruit waste and feeding needy,World,0.7
69705,20040131,megawati quiet on iraq oil voucher claims,World,0.9
736886,20121031,png touch footy,Sports,0.9
1101164,20171005,andrew fifita opts for tonga after being named in kangaroos squ,Sports,0.9
247694,20060706,israeli tanks roll into northern gaza,World,0.9
509974,20091230,interview ricky ponting,Sports,0.9
592258,20110204,police reinforcements help prevent looting,World,0.9
698796,20120529,seedy business,Business,0.7
181942,20050814,aussies chasing 423 to win after england declare,Sports,1
642140,20110929,state unveils statue of sir charles court,World,0.85
982427,20150930,us whistleblower snowden draws crowd with twitter debut,World,0.9
1199030,20200516,former mcdonalds worker in ongoing battle over stock photo,Business,0.9
54590,20031112,new hospital helipad begins operating,Other,0.9
80879,20040326,downer defends iraq troop numbers,World,0.9
76418,20040304,nsw premier labelled irrational,World,0.7
71370,20040209,jackson on oscars path with dga award,Other,0.9
92777,20040526,cyclists set for high powered worlds,Sports,0.9
78245,20040313,police officer charged with kidnap sexual assault,World,0.9
28405,20030705,rann announces review into secret a g probe,World,0.6
73654,20040220,cracked tanker enters sydney harbour,World,0.9
80161,20040323,court refuses dna bid over moran killing,World,0.9
32093,20030723,manslaughter case raises domestic violence,World,0.9
70207,20040203,katherine on track for ghan arrival,World,0.7
37290,20030817,sabotage deprives 300000 iraqis of water icrc,World,0.9
73629,20040220,biota shares bolstered by bird flu windfall,Business,0.9
9607,20030405,us jobs show worse than expected drop in march,Business,0.95
79972,20040322,howard remains tight lipped on keelty talks,World,0.7
83157,20040406,four soldiers killed in iraq clashes,World,1
88704,20040504,one killed in nsw train derailment,World,0.9
14075,20030428,canberra gets a tick for fire recovery,World,0.9
78565,20040315,perth chokes on smoke haze,World,0.9
50509,20031022,youhana out of second test,Sports,0.9
89111,20040506,inmate tells of murder accuseds cannibalism brag,World,0.9
47254,20031007,pm abbott urge doctors cooperation over medical,World,0.9
74666,20040225,eminem sues apple over lose yourself,Business,0.9
26053,20030624,fears skin cancer warnings not getting through,Sci/Tech,0.9
52792,20031103,dump appeal a waste of money minister says,World,0.6
55222,20031115,murdoch survives bskyb shareholder revolt,Business,0.9
34612,20030804,qld nationals vote to abolish stamp duty,Business,0.9
495,20030221,claims live sheep cattle exports threatening tas,World,0.7
11997,20030417,police to monitor drivers on new freeway section,Other,0.9
11765,20030416,powell insists syria not a target,World,0.95
20268,20030528,coles myer deal overly ambitious woolies chief,Business,0.9
94309,20040602,norfolk island inquest reveals victims injuries,World,0.9
64459,20040104,former sa premier des corcoran dead at 75,World,0.9
52812,20031103,govts anti terrorism push a diversion,World,0.9
79877,20040321,williams fearing malaysia fireworks,Sports,0.9
8901,20030402,hearing into child cruelty charges continues,World,0.9
73828,20040220,two thai cats die of bird flu,World,0.85
15461,20030505,dragons prove too good for sharks,Sports,0.9
5752,20030319,anti war protesters unhappy with troop commitment,World,0.9
55937,20031119,hospital memo sparks conflict of interest debate,World,0.7
52945,20031103,stronger dollar takes toll on wool growers,Business,0.93
44589,20030924,cant pay your tax bill put it on credit,Business,0.9
58423,20031201,stone bros to appeal ingall penalty,Sports,0.9
95480,20040608,modified reef pontoon gets go ahead,Sci/Tech,0.9
22172,20030605,st kilda man detained after alleged flight threat,World,0.9
86871,20040425,thousands gather at war memorial in canberra,World,0.9
58148,20031130,italy india sign technology pact,World,0.9
9976,20030407,un team uncovers horrors of congo violence,World,0.9
59949,20031209,alcohol dispute breaks out over 50m fine,Business,0.9
10226,20030409,all seeing tour guide spots nys eyes,Other,0.6
84524,20040413,powerboat club hopes to host international event,Sports,0.9
1209,20030224,zim churchman takes aim at aussies,World,0.7
11477,20030415,games to go ahead despite sars govt,Sports,0.8
20714,20030530,bob hope celebrates 100th birthday,Other,0.9
94900,20040605,contractors killed on road to baghdad airport,World,0.9
23918,20030613,sharks lose chairman ceo,Sports,0.9
61386,20031215,wa environment dept gives mill site all clear,World,0.7
84890,20040415,doctors take action over mersey hospital services,World,0.7
12797,20030421,real confident of recapturing form for old,Sports,0.9
29386,20030710,keep aged care facility open says shadow minister,Other,0.9
41176,20030905,uruguay demands fishing inspectors release,World,0.95
17438,20030514,rusedski suffers another injury blow,Sports,0.9
79441,20040319,hope fades for man overboard,World,0.9
8886,20030402,goldfields tops wa in number of syringe users,World,0.7
40788,20030904,community to farewell former catholic bishop,World,0.9
18406,20030519,storm blacks out thousands,World,0.9
95566,20040608,warriors sign cowboys utility,Sports,0.95
88806,20040505,bali warning claims need clarification keelty,World,0.9
55229,20031115,pills shouldnt be first option for arthritis,Sci/Tech,0.9
166,20030219,smoking bans hit tabcorp bottom line,Business,0.9
10324,20030409,minister says prisoner wont be returned to qld,World,0.9
83377,20040407,everton to accept ferguson ban,Sports,0.9
67115,20040118,allan fades to fifth in hawaii,Sports,0.7
11703,20030416,hanson campaign fails as counting ends,World,0.9
75693,20040301,islamic jihad warns israel of black days,World,0.9
3698,20030308,labor blasts delay in deporting iraq spy,World,0.9
58409,20031201,safety bureau to probe emergency landing,World,0.9
1176,20030224,survey highlights extended trading hours support,Business,0.9
29667,20030711,new research into qld spanner crab industry,Sci/Tech,0.7
88718,20040504,police probe armidale computer theft,World,0.8
24638,20030617,qld honey firm signs sweet deal with argentina,Business,0.9
38095,20030821,gold coast to capitalise on local sporting ability,Sports,0.9
10148,20030408,politics obscuring bushfire debate academic,World,0.9
89030,20040506,animal to human diseases increasing expert warns,Sci/Tech,0.9
25573,20030621,uni fire not considered suspicious,World,0.7
74605,20040225,allstars match to remain in darwin,Sports,0.9
48600,20031014,central qld survey uncovers bad driving habits,Other,0.9
54964,20031114,crows chairman not seeking re election,Sports,0.9
90509,20040513,more injuries for port ahead of kangaroos clash,Sports,0.9
98498,20040622,skywest profit not so high,Business,0.9
23920,20030613,shires back plan to keep school building,Other,0.7
33647,20030730,sierra leones former rebel leader dead,World,0.9
97950,20040620,councils reject heavy handed tactics criticism,World,0.7
99372,20040626,tight security in ireland for bush talks with eu,World,0.9
6827,20030324,british journalist believed killed by friendly fire,World,0.9
28067,20030703,wa national park makes world heritage list,World,0.9
88503,20040503,sharon vows gaza retreat despite party vote,World,0.9
86989,20040426,lawyers may still handle nauru appeal,World,0.7
33654,20030730,sorenstam fit but emotionally drained for british,Sports,0.9
43338,20030917,police search for stolen car containing baby,World,0.9
89899,20040510,tas local councils condemn govt bid to change,World,0.7
15304,20030504,democrats push for g g to resign,World,0.9
23316,20030611,first blood to nsw as johns spoils qlds party again,Sports,0.9
78764,20040316,mav backs council amidst bias claims,World,0.6
48452,20031013,legendary jockey shoemaker dies at home,Sports,0.9
23463,20030611,tsvangirai in court over anti government protests,World,0.9
82848,20040405,accused killer blamed parents,World,0.9
45899,20030930,wagga rsl club protests pokies tax plan,Business,0.9
10812,20030411,sars could be biological weapon experts,Sci/Tech,0.9
6729,20030323,pm urges nsw libs to keep brogden as leader,World,0.7
39851,20030830,mcmanaman set for man city,Sports,0.9
53798,20031108,govt denies tight budget behind police fee rise,World,0.85
93312,20040528,moree councillor urges indigenous people to vote,World,0.9
51063,20031025,madame chiang kai shek dies at the age of 106,World,0.9
17571,20030515,flintoff in doubt for zimbabwe tests,Sports,0.95
23832,20030613,man convicted of abalone theft,Other,0.9
50257,20031021,woman in critical state after shed blast,World,0.9
82412,20040402,kangaroo cull last resort for development,World,0.9
46908,20031006,canadas comeback king out after tragic injury blow,Sports,0.9
17545,20030515,crean to set 80pc bulk bill target,World,0.7
26918,20030627,straw denies weapons intelligence exaggerated,World,0.9
52491,20031031,virgin blue plans asx float,Business,0.9
15094,20030502,study to help determine quake probability,Sci/Tech,0.9
73496,20040219,launceston man acquitted of rape charge,World,0.95
98553,20040623,apartment developers oppose sewerage costs,Business,0.9
5258,20030316,rovers blow title race wide open,Sports,0.9
48705,20031014,new map provides alternatives for tourists,World,0.7
3100,20030305,nsw govt to fund election promises from budget,Business,0.9
18620,20030520,officer seeks damages after fall at child care,Other,0.7
68663,20040126,water patrols uncover fishing breaches,Other,0.9
39081,20030826,police hunt home invaders,World,0.9
97223,20040616,public urged to help find missing teen,Other,1
14166,20030428,n korea offers to scrap nuclear program report,World,0.9
94493,20040603,growth slowdown hits dollar,Business,0.9
23674,20030612,shires to talk merger possibilities,Business,0.9
971,20030224,beef prices set to rise,Business,0.9
88384,20040503,droves of visitors flock to outback muster,World,0.7
26462,20030625,voss possible for lions return,Sports,0.9
71110,20040207,seven protesters arrested outside nato meeting,World,0.9
15817,20030506,spanish fishermen to challenge courts authority,World,0.9
27275,20030630,downing st bbc row continues,World,0.9
69575,20040130,ses struggling to repair qld storm damage,World,0.9
40679,20030903,resort set to get new owner,Business,0.9
22430,20030606,un envoy in burma to see suu kyi,World,0.9
59459,20031206,bush appoints oilman to solve iraqs debt,World,0.9
20393,20030528,qld tenants union praise new database laws,World,0.7
63741,20031230,one iraqi killed another injured in baghdad blast,World,0.9
14367,20030429,known truck faults put firefighters lives at risk,World,0.85
52914,20031103,race club in running for award win,Sports,0.9
90952,20040515,us names five nba players to 2004 olympic roster,Sports,1
52898,20031103,png passport printing machine suspected stolen,World,0.85
98274,20040621,teachers strike gains parental support,Other,0.9
31485,20030720,woods faces foreign territory in sandwich victory,Sports,0.9
56073,20031120,betsen ban too harsh says maso,Sports,0.9
67730,20040121,search ends for ship survivors in norway,World,0.9
90066,20040511,mine water contamination report delayed,World,0.9
13100,20030423,beattie urges labor to quit character assassination,World,0.7
77380,20040309,police consider fires suspicious,World,0.9
90510,20040513,mortars fired near italian embassy in baghdad,World,0.9
43922,20030920,ireland to press ahead with smoking ban,World,0.9
99489,20040627,sex abuse criticism surprised hollingworth,World,0.85
980,20030224,cabinet meets to balance budget priorities,Business,0.9
54722,20031113,development organisation looking to forum industry,Business,0.7
86104,20040421,n korean leader made secret trip to china,World,0.9
66023,20040112,interest strong in albany tourism plan,Business,0.9
81428,20040329,changing climate puts qld tropics at risk,Sci/Tech,0.9
93603,20040530,gillespie clarke set up australia series win,Sports,0.9
41931,20030910,crean questions govt over leaked wilkie report,World,0.7
15812,20030506,shale oil production could meet aust needs spp,Business,0.9
30267,20030714,vic police investigate sex slavery,World,0.9
9732,20030406,qld a g to appeal sentences over baby death,World,0.9
45867,20030930,sydney airport fuel shortage under investigation,Business,0.9
38825,20030825,life sentence for record cocaine haul,World,0.9
49233,20031016,reality shows set to dominate world tv scene,World,0.6
49674,20031019,armstrong completes trans us tour of hope,Sports,0.9
89830,20040510,modest fleming plays down tag of crickets best,Sports,0.9
73737,20040220,mass animal deaths spark trench fill call,World,0.85
82132,20040401,council ordered to pay compo over tree death,Other,0.8
95069,20040606,martian rover faces risky crater test,Sci/Tech,0.95
72612,20040215,man dies at perth beach,World,0.9
99836,20040629,injured sailors praise for rathbone,World,0.7
58495,20031202,brooke backs mitchell as all blacks coach,Sports,0.95
32989,20030727,two children killed in vic house fire,World,1
19715,20030525,south korea to hold nkorea policy talks with us,World,0.9
49024,20031015,toowoomba precinct project gets green light,Business,0.9
9167,20030403,nz man rolled by own scam,World,0.7
61565,20031216,police unhappy with alcohol offences,World,0.9
13115,20030423,brown hopeful blacklock will return,Sports,0.9
53495,20031106,treasurer questions reserve bank drought reading,Business,0.95
23433,20030611,scammer on the prowl in wa,Other,0.9
52225,20031030,survey shows indigenous people earn less rent more,World,0.9
28458,20030706,chopper crash in brazilian oil fields kills 5,World,0.9
44499,20030923,scientist says moggie malaise makes men morose,Sci/Tech,0.85
63832,20031231,blasts at coal mine and fireworks factory kill 10,World,0.9
98124,20040621,ex anglican minister reported over child sex claims,World,0.95
33215,20030728,vic cabinet ministers in mildura,World,0.7
37445,20030818,man dies in car crash,Other,1
19590,20030525,algeria quake toll surpasses 2000,World,0.9
89772,20040510,doctor to represent riverina during torch relay,Sports,0.9
67270,20040119,four arrested on drugs charges,World,0.9
48486,20031013,nt seeks to crack down on child abuse,World,0.9
25379,20030620,talks to discuss making wind turbine blades,Sci/Tech,0.9
7962,20030329,buddhist leader tells forum of peace confusion,World,0.9
83792,20040409,brumbies get first half bonus point,Sports,1
67890,20040122,man jailed for scratching police spitting on court,World,0.9
71815,20040211,independent applauds oppositions super reform plans,Business,0.9
99619,20040628,man burnt in home explosion,World,0.9
47691,20031009,lack of sperm donors renders uni program infertile,Sci/Tech,0.7
52625,20031102,aussies exact swift revenge over india,Sports,0.9
98269,20040621,states urged to lift limitations on sex crime cases,World,0.7
80411,20040324,cyclists pedal towards ms research,Sports,0.7
12011,20030417,red cross says water flowing in baghdad,World,0.9
35670,20030809,england make changes ahead of third test,Sports,0.9
21314,20030602,dfat to hold inquiry into iraqi document leak,World,0.9
50505,20031022,will the real fiji please stand up demands coach,Sports,0.9
87500,20040428,nsw considers limits on govt website,Other,0.7
648,20030221,salinity experts map water catchments,Sci/Tech,0.9
49138,20031016,iluka begins redundancies planning,Business,0.9
44275,20030922,rogers sixth in grand prix tt,Sports,0.9
19493,20030524,hoggard leaves zimbabwe facing uphill battle,Sports,0.9
38251,20030821,womens draw strengths and weaknesses,Sports,0.7
24571,20030617,indian boy breeds beetle eggs in his body,World,0.7
89633,20040509,broncos charge ahead in canberra,Sports,0.9
33736,20030731,consultant appointed to nbl,Sports,0.7
49197,20031016,no extended daylight saving for vic,Other,0.9
85745,20040419,tweed hosting shadow cabinet,World,0.7
92320,20040524,darcy pleads not guilty to sex abuse allegations,World,0.9
2218,20030301,chechen rebel groups branded terrorists by us,World,0.9
34727,20030805,court told child detainees will need ongoing,World,0.9
6940,20030324,no deadline put on medical talks,World,0.7
71917,20040211,troubled health service meets with local mps,World,0.9
46390,20031003,accused drug trafficking cop overworked,World,0.9
98551,20040623,anomaly allows priest accused of sex abuse to stay,World,0.9
60172,20031209,wa takes control against tas,Sports,0.9
20180,20030527,stronger dollar signals gold concerns,Business,0.9
99965,20040630,afl takes aim at aru over schedule clash,Sports,0.9
36155,20030812,broken arm casts doubt over skinstads world cup,Sports,0.9
393,20030220,ronaldo puts real back in the race,Sports,1
48040,20031010,wa expert urges overhaul of water consumption,Sci/Tech,0.7
61057,20031214,cometh the hour cometh the men,Sports,0.7
39490,20030828,pga tour returns to boston,Sports,0.95
76848,20040306,vietnam leader visits communist ally in cuba,World,0.9
20403,20030528,ruling sparks spate of migration appeals,World,0.9
30340,20030715,court told murdered baby was tortured,World,1
63817,20031231,air traffic up when landing fees down rex,Business,0.9
78294,20040314,15 australians honoured as national living,World,0.9
85518,20040418,police still looking for missing woman,World,0.9
60766,20031212,hodge takes extended leave,Sports,0.7
47489,20031008,opposition questions dodgy medical indemnity,World,0.7
97695,20040618,saints storm back to sink hawks,Sports,0.9
27924,20030703,council to audit goal post safety,Sports,0.9
49701,20031019,federal police museum displays bali evidence,World,0.9
5240,20030316,nth qld man fights against friends deportation,World,0.9
13496,20030424,upsets at national rowing championships,Sports,0.9
70366,20040204,company pleads guilty to environmental charges,Business,0.9
93894,20040531,two charged over babys murder,World,0.9
78722,20040316,health service defends equipment sell off,World,0.7
59475,20031206,developer rejects nepean building claims,Business,0.85
28602,20030707,burke says nt needs economic boost,Business,0.8
550,20030221,iaea to visit iran to assess nuclear program,World,0.9
6199,20030321,australian troop morale is high govt,World,0.9
88699,20040504,n korea denounces al qaeda report,World,0.9
95721,20040609,new agriculture think tank aims to drive rural,Business,0.85
39463,20030828,man to face court on murder charge,World,0.95
72832,20040216,probe begins into north qld industrial accident,World,0.9
82393,20040402,growers happy with eased water restrictions,World,0.6
96584,20040613,second senior iraqi official assassinated,World,0.9
52989,20031104,bomb blast rocks turkish embassy,World,1
46350,20031002,talks continue over stranded sheep,World,0.9
66698,20040115,plane makes emergency landing in china,World,0.9
12969,20030422,mclaren wait for june as ferrari turn corner,Sports,0.95
21522,20030603,beckhams plea to england hooligans,Sports,0.9
1462,20030226,accc asks court to seize conman fosters passport,World,0.9
11400,20030415,arab countries take a stand against us,World,0.9
20252,20030528,blackburn reject birmingham bid for dunn,Sports,0.9
68926,20040128,big crowd expected for local govt reform rally,World,0.7
50852,20031024,hauritz watson cleared to play one dayer,Sports,0.9
87640,20040429,council adopts new rating scheme,Other,0.7
13686,20030425,stoudemire named nba rookie of the year,Sports,1
38226,20030821,support in country victoria for jailed hanson,World,0.7
19310,20030523,kidd leads nets surge towards nba finals,Sports,0.95
42806,20030915,education in the spotlight in berri,World,0.7
90358,20040512,tourism leaders not surprised by qantas surcharge,Business,0.9
2645,20030303,lifesavers honoured at gold coast ceremony,World,0.7
10377,20030409,sex ed should start young study,Sci/Tech,0.7
38842,20030825,night of records for cowboys,Sports,0.9
4694,20030313,kalgoorlie boulder housing market on top,Business,0.9
97041,20040615,whale group warns of watching dangers,Sci/Tech,0.85
4900,20030314,health insurance will go up yearly aca,Business,0.9
33267,20030729,catchment boards meet over green funds,Business,0.7
1496,20030226,bryants scoring streaks end but lakers streak,Sports,0.9
20903,20030530,sydney police seize 4500 ecstasy tablets,World,0.9
22806,20030609,business sa challenging national pay rise,Business,0.9
12168,20030418,man lucky to be alive after clinging to bonnet of,Other,0.9
97946,20040620,chavez media boss lay ground rules for recall,World,0.9
95121,20040606,warriors give coach dream start,Sports,0.95
89697,20040509,one killed as shiites protest pakistan suicide bomb,World,0.9
83077,20040406,aged care workers protest against government,World,0.9
80696,20040325,group withdraws french rail bomb threats,World,0.9
41045,20030905,expert considers flying youth mental health service,World,0.7
4629,20030313,crean calls for restart of n dump site search,World,0.65
30980,20030717,terrorists making money from pirated sales interpol,World,0.9
5011,20030314,unemployment rate on the rise,Business,0.9
30649,20030716,lecturer experiences ups and downs of setting,Other,0.6
2798,20030304,clark defends wifes public funded holiday,World,0.7
6437,20030322,civilian injuries reported in baghdad,World,0.9
6090,20030320,missiles didnt contain chemicals report,World,0.9
8813,20030402,all ords flat after retail figures released,Business,0.9
54028,20031110,angry woodward flays faltering england,Sports,0.9
30959,20030717,sao tome ministers in difficult conditions families,World,0.7
89513,20040508,clijsters pulls out of french open,Sports,1
20200,20030527,virus concerns cancel trial wheat plantings,Sci/Tech,0.9
90082,20040511,nt hopes for funding for juvenile diversion,World,0.7
30323,20030715,caldow accepts top job in england,Business,0.6
63070,20031225,melbourne police tell boxing day crowd to behave,World,0.9
97029,20040615,unions take up redundancy fight for wa workers,Business,0.9
58799,20031203,judge to rule on dismissing clark charges,World,0.7
93497,20040529,gillespie clarke set up australia series win,Sports,0.95
8308,20030330,teachers urge minister to focus on aboriginal,World,0.95
93385,20040528,stevens return boosts crows,Sports,0.9
39703,20030829,new surprises in store for royal adelaide show,Other,0.7
10122,20030408,no election for dardanup,World,0.7
79358,20040319,asteroid to make closest known pass by earth,Sci/Tech,0.9
88261,20040502,iraq kidnappers say they wont harm italian hostages,World,0.9
62007,20031218,probe ordered into nauru protest,World,0.9
57295,20031126,church weddings now the minority,World,0.8
71575,20040210,irish govt seeks response to looted nazi art claims,World,0.9
5836,20030319,hundreds of firefighters battle mt martha blaze,World,0.9
7928,20030328,us says market blast may never be solved,World,0.9
17883,20030516,rates to rise in lismore council budget,Business,0.9
12359,20030419,hot air balloon crashes in melbourne no injuries,World,0.9
22339,20030606,more state federal resource management cooperation,World,0.6
99902,20040629,refugees reach australia after nauru detention,World,0.9
56110,20031120,dpi says wild dogs cost qld beef industry,Business,0.9
39864,20030830,nsw firefighters battle bush blazes,World,0.9
62783,20031223,queen delivers christmas speech by mobile phone,World,0.9
20565,20030529,incoming accc chief wants good rural relationship,Business,0.75
14281,20030429,aust delegation trying to secure rebuilding work,World,0.9
7315,20030326,copyright changes should mean cheaper software,Business,0.9
67842,20040122,farmers urged to seek drought aid,World,0.9
60838,20031212,public hospital nurses get pay boost,World,0.9
44270,20030922,residents air powerline approach concerns,Other,0.9
39819,20030830,ferry passengers stranded as suspect package found,World,0.9
2397,20030302,chirac remains opposed to us led war in iraq,World,0.9
9221,20030403,taurimas season in doubt after ankle injury,Sports,0.95
82321,20040402,al qaeda planning memo targets australians report,World,0.9
38188,20030821,probe begins into derailment,World,0.9
76714,20040306,attack injures four british soldiers in iraq,World,1
88979,20040505,sew far sew good for sewing bird,Other,0.9
95079,20040606,police test car for stabbing death clues,World,0.9
52551,20031101,indigenous make up 29pc of nt population,World,0.95
48096,20031011,gaza raid violates international law un,World,0.95
48867,20031015,drivers get salt lake warning,World,0.7
10485,20030410,doubts raised about boarding school benefits,Other,0.9
32519,20030725,fed govt urged to be sensible with drought funds,World,0.7
91073,20040516,west indies scramble past bangladesh,Sports,0.9
30676,20030716,n korea a real threat pm,World,0.9
17518,20030515,cannes prepares to enter the matrix,Sci/Tech,0.9
55952,20031119,longreach to hold own rm williams service,Other,0.7
61299,20031215,nsw libs call for health royal commission,World,0.7
5492,20030317,us hits phones in last bid for iraq mandate,World,0.9
6247,20030321,farmers businesses to get flood relief,Business,0.9
53252,20031105,reserve bank lifts interest rates,Business,1
31370,20030720,aged care sector critical of fed govt funding,Business,0.9
68139,20040123,police set for png deployment,World,0.9
50850,20031024,handler heads off on tiger rescue mission,World,0.7
31028,20030718,beattie to hear ambulance need,Other,0.7
30937,20030717,priest proves no comfort in shadow of death,World,0.85
26679,20030626,ten dead in jordan bridge collapse,World,0.9
5132,20030315,queenslander anlezark fifth in birmingham,Sports,0.95
70745,20040205,water association backs plan for irrigation loans,Business,0.9
77846,20040311,parry back to business after play off triumph,Sports,0.9
83484,20040407,primary industries merger means job losses says,Business,0.95
1158,20030224,sa govt hoping to seize profits of crime,World,0.9
62592,20031222,park education centre angers timber industry,Business,0.7
97644,20040618,legal action taken to stop indigenous art leaving,World,0.9
25214,20030620,coach graham left me montgomery,Sports,0.7
751,20030222,kangaroos thump essendon hawks edge saints,Sports,0.9
65434,20040109,aust to ease impact of japans beef ban,World,0.85
2492,20030302,struggling modena snatch draw with parma,Sports,1
15530,20030505,mop up underway after turkish quake,World,0.9
21578,20030603,france without zidane for confederations cup,Sports,1
19485,20030524,french minister to meet with arafat despite us,World,0.9
80157,20040323,council candidates urged to stay real,Other,0.8
93458,20040529,builders seek federal help for training,Business,0.9
81918,20040331,five dead in canary island helicopter crash,World,1
32869,20030727,aust ministers arrive in singapore for regional,World,0.9
7524,20030327,canberra considers v8 race return,Sports,0.9
18111,20030518,death toll rises in morocco suicide blasts,World,1
19838,20030526,indonesia steps up aceh campaign against rebels,World,0.9
88456,20040503,new vision for shires group,Business,0.7
29910,20030713,around 4000 attend tas anti logging rally,World,0.9
53983,20031109,rescue workers search for riyadh bombing survivors,World,0.9
28547,20030706,tendulkar fully fit after hand surgery,Sports,0.9
33503,20030730,conditional support for national sex register,World,0.7
82965,20040405,maryboroughs future on agenda of govt meeting,World,0.7
58773,20031203,german flick tops shortlist for european film,World,0.7
30805,20030717,call for timber town business support,Business,0.9
62282,20031220,cyclone debbie nears nt coast,World,0.9
27349,20030630,opposition claims govt to blame for obstetric,World,0.7
36365,20030812,young australians reveal depression suicide,World,0.9
44476,20030923,principals protest against axing of behind the news,Other,0.9
82836,20040404,vic govt defends handling of underworld war,World,0.9
99753,20040629,boost for winery capacity,Business,0.9
72592,20040215,greenpeace activists arrested over woodchip protest,World,0.9
86191,20040422,australian arrested in nepal pro democracy protest,World,0.9
25617,20030622,deportivos makaay gets spanish century,Sports,0.9
6424,20030322,burning wells may not push oil price up,Business,0.9
82086,20040331,wa to terminate uranium project,World,0.7
34353,20030803,great belgian rivals to clash in san diego final,Sports,0.9
65754,20040110,sydney blaze well contained,World,0.9
12009,20030417,rann continues to fight mcg afl finals agreement,Sports,0.9
61513,20031216,lrmi,You have not provided a news headline for me to classify. Could you provide a news headline?,You have not provided a news headline for me to classify. Could you provide a news headline?
27114,20030629,choi slips from lead as koreans lead seoul charge,Sports,0.9
38072,20030821,couple defend aboriginal trespass charges,World,0.9
89068,20040506,csu professor awarded for human movement work,Sci/Tech,0.9
91574,20040519,aust us formalise free trade plan,Business,0.95
26204,20030624,us firefighters continue to battle arizona blazes,World,0.9
60207,20031210,blackout hits sas south east,World,0.9
63190,20031226,queenslands payne takes out latrobe wheel,Sports,0.9
73677,20040220,ferry crashes in sydney again,World,0.9
81401,20040329,aussie kennedy blows it as hanell wins in madeira,Sports,0.9
1907,20030227,union opposes prisons closure plan,World,0.8
440,20030220,wa wine destined for us,Business,0.9
71455,20040209,strong entries for ballarat gift,Sports,0.9
49421,20031017,mayor welcomes funds distribution inquiry,World,0.85
65461,20040109,cooler weather helps firefighters control forest,World,0.9
41733,20030909,grain merger to cost jobs,Business,0.9
47821,20031009,workers seek pay lift as dispute escalates,Business,0.9
8020,20030329,iraq sars put heat on tourism industry,Business,0.9
7223,20030325,strike may affect beer supplies,Business,0.9
24884,20030618,second suspect arrested over missionarys murder,World,0.9
13722,20030425,us military confirms tareq aziz in custody,World,0.9
30906,20030717,mining disaster plan in the spotlight,World,0.9
95174,20040607,docs not acting child abuse reports survey,World,0.9
38451,20030822,wales wary of england,Sports,0.9
20156,20030527,sa farmers to get cheaper electricity,Business,0.9
37682,20030819,kit to reinforce drink spiking warning,Other,0.7
66242,20040113,new bahrain circuit almost complete,Sports,0.9
81254,20040328,call to change laws after granny surrogate approval,World,0.8
13178,20030423,libs highlight rise in public housing transfer,Other,0.7
78227,20040313,mice show sars immunity possible,Sci/Tech,0.9
73281,20040218,pakistan india agree to kashmir talks,World,1
33217,20030728,virenque seeing spots with record equalling win,Sports,0.9
69437,20040130,era defends profit slide,Business,0.9
22396,20030606,sea scallop ranch plan under fire,Sci/Tech,0.75
40187,20030901,knights may rest players after win,Sports,0.95
71993,20040212,costs force salvation army to sell nursing homes,Business,0.9
63304,20031227,nsw gun crime operation extended,World,0.9
92961,20040526,wagerup residents voice concerns over refinery,World,0.8
26392,20030625,nz decriminalises prostitution,World,0.9
27636,20030701,tablelands farmers get more drought relief,World,0.8
93877,20040531,sorenstam wins corning classic,Sports,0.9
25865,20030623,mixed response to alcohol plans,World,0.7
89369,20040507,love changes everything even testosterone,Sci/Tech,0.9
87679,20040429,greens claim win as cba discharges gunns shares,Business,0.9
37371,20030818,council urged to investigate dog attack,Other,0.9
44570,20030924,aust and indonesia working to make bali service,World,0.85
13545,20030425,blokey police culture stymies whistleblowers report,World,0.7
89828,20040510,ministers agree to national terror threat approach,World,0.9
21449,20030602,strike could cripple car industry bosch management,Business,0.9
25384,20030620,thoughts sought on boosting advocacy services,Other,0.7
47834,20031010,asthma deaths down but better treatment needed,Sci/Tech,0.95
20355,20030528,mine approval raises forest questions,World,0.7
56662,20031123,aboriginal youth need more space forum,World,0.7
48795,20031014,wild dog control program ends,World,0.6
96417,20040612,quake jolts japan,World,0.9
51049,20031025,henin hardenne looking forward to facing williams,Sports,0.95
68782,20040127,late rate payments affecting shire finances,Business,0.9
54479,20031112,council to discuss ovals cultural significance,Other,0.8
80017,20040322,new tas cabinet to be sworn in,World,0.7
338,20030220,more women unlikely to join mens pga masters,Sports,0.9
56043,20031119,youth body backs early intervention call,Other,0.7
35210,20030807,community warned breeding birds may get aggressive,Other,0.9
27609,20030701,rights group critical of e timors police,World,0.9
33085,20030728,golding bounces back to win british title,Sports,0.9
63792,20031230,townsville crocs snap up win,Sports,0.9
51186,20031026,four killed 25 injured in china earthquakes,World,1
53129,20031104,whatmore names side for one dayers,Sports,0.9
50572,20031023,council has no objection to taking stranded sheep,Other,0.7
31259,20030719,body is that of missing blair adviser police,World,0.9
37184,20030816,traditional owners to name australias biggest,World,0.7
5147,20030315,sydney roosters kick off season with victory,Sports,1
94635,20040604,aboriginal kids to get closure from ceremony,World,0.9
30752,20030716,virgin considers europe to australia route,Business,0.9
70324,20040203,worksafe still baffled by farm tragedy,World,0.65
63962,20031231,shepparton upbeat about financial state,Business,0.9
44966,20030925,scud fires through in china,World,0.7
27716,20030702,dairy farmers face uncertainty after supply changes,Business,0.9
15000,20030502,govt generosity helps out of pocket arafura games,Sports,0.9
3741,20030308,tense un security council debate continues,World,0.9
31333,20030719,russians win synchronised duet world title,Sports,0.9
29209,20030709,public help sought in missing woman case,World,0.9
69913,20040202,aussies gear up for swedish attack,Sports,0.9
60394,20031210,thousands expected to enjoy albury festival,Other,0.9
91968,20040521,saudi security clash claims four lives,World,0.9
21155,20030601,iraq tensions underscore g8 meeting,World,0.9
49682,20031019,bacon brands decision to deport teenager cruel,World,0.9
43905,20030920,forestry tourism agreement just propaganda tas,World,0.7
14055,20030428,air force base row still brewing,World,0.9
76283,20040304,anderson puzzled by states tugun bypass calls,World,0.7
85807,20040420,court told of police link to gangland shooting,World,0.9
4210,20030311,four injured in balcony collapse in wa,World,0.9
43710,20030919,els heads enlarged sun city field without woods,Sports,0.9
19758,20030526,bacon to speak with pm on g g plans,World,0.7
24751,20030618,crash report findings inconclusive rfds chief,Other,0.7
52237,20031030,toowoomba runners battle rain sleet and snow,Sports,0.9
29301,20030710,brisbane firm gets us approval for test kit,Business,0.9
13613,20030425,iraq war boosts ceremony numbers,World,0.9
69791,20040201,china halts poultry exports from bird flu areas,World,0.9
9727,20030406,oppn unsurprised by public war approval,World,0.8
78320,20040314,controversial try sends brumbies down,Sports,0.9
62605,20031222,police probe in flight scuffle,World,0.9
84588,20040413,vanstone yet to hear from clark,World,0.6
90383,20040513,alp reveals vaccine scheme,World,0.7
13021,20030422,robson sets euro target for newcastle,Sports,0.9
11842,20030417,abattoir operator inundated with work offers,Business,0.9
34402,20030803,scott shares lead at scandinavian masters,Sports,0.9
77019,20040308,at least 6 killed in haiti rally shootings,World,1
33232,20030729,aceh rebel negotiators on trial for terrorism,World,0.9
79710,20040320,sudan humanitarian crisis a catastrophe un,World,0.9
37664,20030819,hockeyroos stun argentinians,Sports,1
38207,20030821,sacked doctor speaks out,World,0.6
56908,20031124,landlord required to limit lead exposure,Other,0.8
72118,20040212,poultry safe from bird flu government says,World,0.9
66037,20040112,masuoka ready for final dakar push,Sports,0.9
78585,20040315,report sees no end yet to broome land shortage,World,0.7
93320,20040528,musharraf says military involved in assassination,World,0.9
40562,20030903,commissioner appointed to troubled wiluna council,World,0.7
72734,20040216,fed nuke waste plans too risky nsw committee,Sci/Tech,0.9
93061,20040527,judge under fire for comments in assisted suicide,World,0.9
23235,20030610,voters pushed me to take on crean beazley,World,0.7
78943,20040317,flight firm wins 45m navy training contract,Business,0.9
73033,20040217,national plan sought for wild pig woes,World,0.7
23467,20030611,un announces blixs replacement,World,0.9
98570,20040623,burke set for last hurrah,Sports,0.7
53919,20031109,danish red cross deplores guantanamo detentions,World,0.9
30495,20030715,tourism industry showing signs of recovery,Business,0.9
69751,20040131,train drivers warn employer to meet pay demands,Business,0.9
11102,20030413,portsmouth leicester promotion parties on ice,Sports,0.9
20752,20030530,council wins support for cheaper flights push,Business,0.8
87102,20040426,vic govt guarantees 250 more teaching positions,Other,0.9
64631,20040105,horse lovers jump for joy in bega,Other,0.7
9359,20030404,nats want interstate prosecutor for any new,World,0.6
67578,20040121,better access planned for derwent bridge,Other,0.7
97633,20040618,israeli army unit stood down after killing,World,0.9
69741,20040131,search continues for missing deckhand,World,0.9
61089,20031214,man charged over sydney gun crime,World,0.9
31011,20030718,alcohol woes state wide della bosca,Other,0.7
59409,20031205,twelve palestinians expelled from west bank,World,0.9
12685,20030421,coroner gets interim report after boating death,Other,0.9
57930,20031128,star princess arrives in melbourne,World,0.7
92370,20040524,israeli military partially lifts rafah siege,World,0.9
87083,20040426,terror suspects freed without charge in uk,World,0.9
50411,20031022,nbl upbeat over surge in crowd figures,Sports,0.9
94119,20040601,southcorp stars in quiet day for market,Business,0.85
82557,20040403,body found in gorge in wa national park,World,0.9
79443,20040319,how al qaeda uses the internet,World,0.9
69555,20040130,rangers counting on twin ambition to reignite,Sports,0.9
15733,20030506,japans takagi sets indy practice pace,Sports,0.9
41604,20030908,tearful roddick is us open champ,Sports,1
71413,20040209,plans afoot to boost cultural tourism experience,World,0.7
45278,20030927,local rugby league player fined for stealing,Sports,0.95
4297,20030311,pontings new ball warning,Sports,0.9
69958,20040202,don king peps up venezuelan president for election,World,0.9
84767,20040414,premier appoints examiner editor as chief of staff,World,0.9
70042,20040202,police crack down on school speeding,Other,0.9
16912,20030512,fed govt urged to back up road funds pledge,Business,0.8
51800,20031029,bogong moths suspected in parliament bird deaths,Sci/Tech,0.9
41801,20030909,pm to change fundraising tax deductions,Business,0.85
11191,20030414,blair ahern studying new ira statement,World,0.9
6893,20030324,hong kong pneumonia outbreak claims another life,World,0.9
52252,20031030,vic a g ponders killers bid for release,World,0.7
37238,20030817,headbutt sinks greens world title bid,Sports,0.9
2261,20030301,irelands triple boost for french match,Sports,0.9
81609,20040329,wa govt to unveil hospital system review,World,0.7
38255,20030821,woolies and caltex join forces,Business,0.9
15370,20030504,red cross renews call for access to iraq pows,World,0.9
75097,20040227,brogden to hit griffith streets,Other,0.6
40834,20030904,hollioake set for 2000 mile charity trip,Sports,0.9
92803,20040526,farmers take advantage of rains,World,0.7
41777,20030909,nasa sets date for space shuttle flight,Sci/Tech,1
57137,20031125,mobile phone network outage affects act,Sci/Tech,0.7
47004,20031006,nt farms spiders for pet shops,Sci/Tech,0.9
82054,20040331,support for call to scrap atsic,World,0.7
69255,20040129,labor offers abc independence and funds,World,0.7
64995,20040107,anderson vows live export changes,World,0.7
27767,20030702,joe white maltster plans adelaide move,Business,0.7
57194,20031125,saha double puts fulham in top five,Sports,0.9
12807,20030421,russias dementieva wins first wta career singles,Sports,0.9
22510,20030607,indian heatwave claims more victims,World,0.9
67168,20040118,one year on canberra recalls bushfire losses,World,0.9
2067,20030228,oil price approaches usd 40 mark,Business,0.9
32635,20030725,security high as accused face court on drug charges,World,0.9
34760,20030805,govt trying to hook more carp catchers,Other,0.7
17303,20030514,centaur survivors to attend caloundra ceremony,Other,0.7
68805,20040127,mystery still surrounds fish kill,Sci/Tech,0.7
68101,20040123,leeds say they wont sell smith,Sports,0.9
80386,20040324,bremer moves to allay fears over iraq interim,World,0.9
88983,20040505,survey finds something fishy about seafood,Sci/Tech,0.7
42112,20030911,authorities release toothfish ships scientific,Sci/Tech,0.7
45674,20030929,us tries new media exposure to sell iraq funding,World,0.9
42786,20030915,boosted tv signal meets with mixed reception,Sci/Tech,0.7
62275,20031220,church to ordain first female indigenous priest,World,0.9
1089,20030224,moya downs coria to claim buenos aires open,Sports,0.9
1439,20030225,truck in fatal crash carrying registered post,World,0.9
27948,20030703,french may join solomons force,World,0.9
81814,20040330,stem cells able to deliver cancer killing proteins,Sci/Tech,1
67584,20040121,bush defends iraq invasion,World,0.9
60990,20031213,police hit streets in inner sydney crime blitz,World,0.9
64872,20040106,nasa receives first colour pictures snapped by,Sci/Tech,0.95
62712,20031223,duke on target as leeds draw,Sports,0.9
61921,20031218,gold rings cheaper swans a swimming more expensive,Business,0.95
37793,20030819,wales squad back at full strength for england test,Sports,0.9
38240,20030821,us views iraq troop levels as adequate,World,0.9
84567,20040413,telstra commissions first solar powered tower,Sci/Tech,0.95
67583,20040121,bus drivers stop work over abuse,World,0.9
39124,20030826,spend tax cut money on universities greens say,World,0.7
81420,20040329,building company admits guilt over site death,Business,0.9
58933,20031203,vic govt defends emergency phone overload in wake,World,0.8
12106,20030418,business warns of exodus over planning,Business,0.9
4530,20030312,riverland police not planning baxter reinforcements,World,0.9
14232,20030428,thirteenth iraqi fugitive now in us custody,World,0.9
11229,20030414,farmers surveyed to assess livestock numbers,Business,0.9
16031,20030507,photographer charged after explosion at jordanian,World,0.9
4441,20030312,group offering water plan advice airs concerns,World,0.6
80869,20040326,court accuses police of brutality lying,World,0.9
83475,20040407,police investigate fatal bus accident,World,0.9
89078,20040506,eagle lynch loses licence,Sports,0.9
55142,20031114,water supply okay despite drought,World,0.9
57704,20031127,telstra to close tamworth info centre,Business,0.9
33521,20030730,democrats fear govt will muzzle charities,World,0.9
78090,20040312,rijkaard praises resilient nine man barca,Sports,0.95
47140,20031007,council tires of waiting for coolac bypass,World,0.6
32999,20030727,williamson to stage darwin festival workshop,Other,0.7
6030,20030320,fia head mosley cancels malaysian visit,Sports,0.9
2247,20030301,gonzalez to ride for italian giants,Sports,0.9
26163,20030624,scud leads aussie day two charge,Sports,0.9
46617,20031003,woman faces drugs prison charge,World,0.9
5358,20030317,footballers death referred to coroner,Sports,0.9
17198,20030513,politics in putting up foreshore bill wa opposition,World,0.9
47764,20031009,schoolies noise angers gold coast residents,Other,0.8
38700,20030824,warne flees the country,Sports,0.7
55693,20031118,federal electorate boundaries under review,Other,0.9
83983,20040410,mortar round lands near baghdad hotel,World,0.9
7265,20030325,zabel takes opening stage,Sports,0.9
8165,20030330,bush accuses iraq of atrocities,World,0.9
4644,20030313,dollar slips beneath 60 us cents,Business,0.9
10951,20030412,rann condemns mobil for sa oil refinery closure,Business,0.9
58100,20031130,blatter questions validity of ferdinands united,Sports,0.9
45798,20030930,more world cup tickets released to australian fans,Sports,0.9
48193,20031011,victorian group seeks police access to files,World,0.7
66297,20040113,syria rejects invitation to meet israeli president,World,0.9
34199,20030802,bush upbeat about north korea talks,World,0.9
56210,20031120,pay protest unlikely to affect nursing home,Business,0.85
16759,20030511,melbourne woman cleared of sars,World,0.9
68727,20040127,dominican migrants missing at sea,World,0.9
40954,20030904,uni hopes super cows will create elite dairy herd,Sci/Tech,0.95
23016,20030610,alleged fraud uncovered in qld aboriginal councils,World,0.9
57543,20031127,crean mulls future,Sports,0.6
73905,20040221,hospital begins new anti cancer drug trial,Sci/Tech,0.9
46741,20031004,surfers to mark bali bombing anniversary,World,0.9
1217,20030225,atsic leader faces court over pub brawl,World,0.7
52820,20031103,helicopter shot down in tragic day for us,World,0.9
70772,20040206,beattie hopes to lure film forum to qld,Other,0.7
57557,20031127,failure to secure sports complex site frustrating,Sports,0.9
62372,20031220,zimbabwe court rules in favour of newspaper,World,0.9
53887,20031108,victorias road strategy working minister says,World,0.7
67122,20040118,berlusconis doctor confirms facelift,World,0.9
75073,20040226,wine investment fund satisfied with half yearly,Business,0.95
40447,20030902,players threaten dally m boycott,Sports,0.9
33317,20030729,first gay school to open in nyc,World,0.9
48664,20031014,industrial action brings greece to a standstill,World,0.9
25974,20030623,witness tells of bali victims agony,World,0.9
9780,20030406,war to get budget dollars over work family reforms,World,0.8
14899,20030501,us company tests anthrax antidote,Sci/Tech,0.9
68932,20040128,british soldier killed in kabul explosion,World,1
77067,20040308,driver interviewed over ambulance accident,World,0.9
69000,20040128,iron ore makes way to geraldton port,Business,0.9
65377,20040108,shire seeks airstrip for firefighting planes,World,0.9
53141,20031105,army to probe e timor torture allegations,World,0.9
68128,20040123,no aust day sports nominations upset mayor,Sports,0.9
6733,20030323,power begins finals campaign in style,Sports,0.9
30478,20030715,scientists working toward tick resistance in cattle,Sci/Tech,0.9
37127,20030816,jones stresses bledisloe cup importance,Sports,0.9
57510,20031127,aristocrat names new ceo,Business,0.9
84865,20040415,call for vic govt to offer regional tax cut relief,Business,0.9
1294,20030225,greece denies games preparations behind schedule,Sports,0.9
49846,20031020,funds review to focus on training needs,Business,0.9
86958,20040426,firefighters control petrol station blaze,World,0.9
49803,20031020,call to beef up fight against stock theft,Business,0.9
34262,20030802,retailers agree to phase out plastic bags,Business,0.9
87540,20040428,soldiers face army discharge for drug use,World,0.9
60096,20031209,palestinians vow to push on with truce efforts,World,0.9
52464,20031031,survey highlights small rise in business confidence,Business,0.9
54481,20031112,court rejects wombarra aged housing plan,World,0.8
79553,20040319,sth africa beefs up for socceroos friendly,Sports,0.9
80465,20040324,kings favourites as nbl decider looms,Sports,0.9
79062,20040317,sex probe hangs over saints,Sports,0.9
57990,20031129,cannon claims excellence award,Other,0.7
16336,20030509,attorney general considers rape sentence appeal,World,0.9
82227,20040401,montgomery says sorry for cancer sledge,Sports,0.9
48186,20031011,two killed in roadside bombing in northern iraq,World,0.9
88670,20040504,lunar eclipse on show,Sci/Tech,0.9
66214,20040113,labor pledges more child care places,World,0.7
70059,20040202,refugee jailed over flatmate stabbing,World,0.95
36768,20030814,qld teachers dispute over,Other,0.75
43554,20030918,nsw govt urged to offer rail service pledge,Other,0.8
5494,20030317,us to order diplomats out of middle east,World,0.9
17720,20030516,acid spill contained near geelong,World,0.7
43802,20030919,primus declared fit for pies clash,Sports,0.9
12862,20030421,yao ming to play asian championships for china,Sports,0.9
58074,20031129,two charged over christmas card drug smuggling,World,0.9
99954,20040629,yudhoyono takes lead in indonesia polls,World,0.9
21445,20030602,spin doctors rush in to cure indian cricket,Sports,0.9
221,20030220,bush thanks nato for support on turkey,World,0.9
9149,20030403,meeting to review parks management after fires,World,0.9
66332,20040114,al arabiya to resume iraq coverage soon governing,World,0.9
69305,20040129,polish federation suspend cyclist over cofidis,Sports,0.9
22418,20030606,thai student kills friend wounds five,World,0.9
75520,20040229,mental health patients housing to expand,World,0.7
21406,20030602,police defend hunter siege handling,World,0.9
47879,20031010,family court chief criticises shared custody,Other,0.9
46811,20031005,israel attacks palestinian target in syria,World,0.9
90279,20040512,man united unveil new preseason event,Sports,0.9
91025,20040516,mitsubishi meeting not about demands treasurer,Business,0.9
33480,20030730,armstrong and ullrich set for world cup rematch,Sports,0.9
19146,20030522,sorenstam likely to cash in after colonial,Sports,0.9
25804,20030623,five crows expected back for carlton clash,Sports,0.9
43126,20030916,qld govt to consult community about seniors needs,World,0.7
80013,20040322,mystery death prompts call for public help,World,0.9
68338,20040124,tarkine protection group to meet this weekend,World,0.7
12493,20030420,canadas sars toll rises to 14,World,0.9
47393,20031008,councils to lobby tas government for clean,World,0.65
38337,20030822,hospital orthopaedic crisis continues,World,0.9
66036,20040112,man arrested over mildura womans death,World,0.9
32667,20030725,un meeting makes little progress on liberia,World,0.9
44193,20030922,hope for national park management uniformity,World,0.7
2570,20030303,council concerned soil will pollute waterways,World,0.9
24875,20030618,ricegrowers unhappy with delayed water sharing,World,0.7
75692,20040301,irish backpackers bailed on rape charges,World,0.9
21402,20030602,perec training but still hampered by sciatica,Sports,0.9
77042,20040308,carr accused of diversion tactics,World,0.6
64615,20040105,firefighters thank campers for fire response,World,0.7
60364,20031210,rain helps stave off wilcannia restrictions,World,0.9
95971,20040610,olympics coverage to break nbc record,Sports,0.95
76396,20040304,man fails in bid to have kidnapping and murder,World,0.9
82749,20040404,injured moin to miss second test,Sports,0.9
17679,20030515,south america confirms world cup qualifying format,Sports,1
6585,20030322,us marines secure western iraqi flank,World,0.9
54916,20031114,a g disappointed at money laundering outcome,Business,0.9
58187,20031130,sa alp conference rejects citizens initiated,World,0.6
56571,20031122,england ahead at half time,Sports,0.9
14655,20030430,tel aviv suicide bombing joint effort,World,0.9
27958,20030703,head of ivory coast television suspended,World,0.9
54741,20031113,fijians apologise to missionarys descendants,World,0.9
98294,20040621,wallaby backs on england collision course,Sports,0.9
28322,20030705,australian to be named solomon is deputy police,World,0.95
79910,20040322,campbell reels in appleby to win bay hill,Sports,0.9
17450,20030514,singh backs away from sorenstam comments,Sports,0.9
67490,20040120,pilot rejects mid air incident danger,World,0.9
88213,20040502,cabrera sets the pace at rain delayed italian open,Sports,0.95
81559,20040329,rundle keeping options open after loosing mayoral,World,0.7
56820,20031124,brits need to adopt winning attitude morley,Sports,0.7
28557,20030706,us releases some seized turkish troops,World,0.9
84364,20040413,absurd i was unfaithful to posh says beckham,Sports,0.9
19256,20030523,england in control at lords,Sports,0.9
43350,20030917,resort ponders longer ski season,Business,0.7
408,20030220,stone to stay on as federal liberal president,World,0.9
49621,20031018,rann vows to crack down on bikie gangs,World,0.9
19901,20030526,port hedland residents back in the swim,Other,0.7
82518,20040402,stern shocks listeners with april fools hoax,Other,0.8
29398,20030710,marsh hits out at english pitches,Sports,0.9
14782,20030501,hollingworth answers church report,World,0.7
51141,20031025,wa teachers criticise state pay tactic,Other,0.9
97538,20040618,backing for user pays water,Business,0.9
47673,20031009,hurst a chance to make swim team cotterell,Sports,0.9
73166,20040218,conservative parties clash in qld,World,0.9
61569,20031216,probe continues into bush body find,World,0.8
58559,20031202,inquest hears of jaidyn leskies bruises,World,0.85
22480,20030607,crean makes light of leadership woes,World,0.6
12471,20030420,30 dead in week of unseasonal rains in oman,World,0.9
4941,20030314,more shoppers rejecting plastic survey,Business,0.85
18496,20030520,celtic out to honour lisbon lions,Sports,0.9
41983,20030910,late dunne strike gives ireland draw with turks,Sports,0.9
99251,20040625,woman unsure how husband stabbed to death,World,0.7
73443,20040219,fairfax amcor lend lease announce profits,Business,0.9
6035,20030320,funds help fast track bypass,Business,0.9
66667,20040115,libya ratifies nuclear chemical treaties,World,0.9
97453,20040617,police commended for preventing suicide,World,0.9
22570,20030607,search for man and son to resume at dawn,World,0.8
22094,20030605,martha stewart quits as chairman and ceo,Business,0.95
30791,20030717,bank employee pleads guilty to own branch heist,World,0.9
77650,20040310,razorbacks re sign skipper,Sports,0.95
26814,20030627,hall faces demolition,Other,0.7
27722,20030702,dollar rises on interest rate decision,Business,0.95
65755,20040110,sydney bushfires mostly under control,World,0.9
92787,20040526,documentary to demystify al jazeera for us public,World,0.9
1671,20030226,submissions flow in on chicken farm plan,Business,0.7
92630,20040525,minister warns striking will not help teachers,World,0.9
59124,20031204,port hedland detainees stage protest,World,0.9
19848,20030526,labor suggests advertising for next g g,Business,0.7
37259,20030817,mediators threaten to suspend liberian peace talks,World,0.9
78059,20040312,outsider ruddock is new wales coach,Sports,0.9
58183,20031130,ruddock to examine periodic detention lapses,World,0.7
94411,20040603,australia not responsible for iraq prisoners downer,World,0.9
97309,20040617,blair blasts shameful hooligans,World,0.7
44882,20030925,latif quits pakistan cricket captaincy,Sports,1
11840,20030416,workshop focuses on night community patrols,Other,0.9
99630,20040628,minister to highlight school disabled access,World,0.7
91764,20040519,uk parliament suspended after object hits blair,World,0.9
13645,20030425,peace message flows from anzac day dawn service,World,0.9
5477,20030317,struggling restaurateur turned to abalone crime,World,0.7
68929,20040128,bolton into final despite villa scare,Sports,0.9
98338,20040622,chief minister to be quizzed over pool fencing law,World,0.7
31229,20030718,wall street accentuates the negatives,Business,0.9
41117,20030905,nt airline takes control of airlines of sa,Business,0.9
97514,20040617,whale swimming freely in harbour,World,0.9
9868,20030407,horse trials plea for govt funding,Sports,0.9
83430,20040407,mans death renews calls for permanent doctor,World,0.9
10836,20030411,union airs concerns over indigenous affairs dept,World,0.9
51183,20031026,european north african police chiefs to discuss,World,0.9
197,20030219,worksafe probes potato harvester injuries,Other,0.9
92765,20040526,charles darwin uni plans fee increases,World,0.7
7336,20030326,elura miners go on strike,Business,0.9
39826,20030830,gardiner in doubt for western derby,Sports,0.9
80178,20040323,doyle talks bendigo issues,Other,0.7
64188,20040102,far north wa on cyclone watch,World,0.9
22486,20030607,ferrero to face verkerk in french final,Sports,0.9
6245,20030321,english premier league previews,Sports,0.9
12399,20030419,nt a g welcomes summit on aboriginal deaths in,World,0.9
33723,20030731,bush rejects calls for same sex marriage,World,0.9
70030,20040202,nuclear scientist admitted leaking secrets official,World,0.9
25452,20030621,celtic set for champions league qualifying trek,Sports,0.95
35397,20030807,wa govt talks up emergency services levy,World,0.7
85039,20040415,un cautious over returning to iraq,World,0.9
48567,20031014,act bushfire inquiry to cost 7m,World,0.9
24500,20030617,cancellara pips mcgee in tour of switzerland opener,Sports,0.9
37328,20030818,aussie fraser wins russian open,Sports,0.9
53754,20031108,abetzs ticket spot uncertain despite cabinet post,World,0.8
91596,20040519,chucking comments put nt in a spin,Sports,0.85
55190,20031115,gay activists stage public kiss protest in,World,0.9
39468,20030828,more funds sought for doctors rooms,Business,0.8
49098,20031016,csu staff join nationwide strike,World,0.7
41963,20030910,harvey surprised by selection,Sports,0.7
49563,20031018,downer warns terror a threat to economic,World,0.9
69382,20040130,46m aged care boost for batemans bay,World,0.6
80014,20040322,nbl nets sponsor for final series,Sports,0.9
63851,20031231,england rugby coach knighted,Sports,1
99518,20040628,2ue escapes cash for comment charges,Business,0.9
92645,20040525,national trust lease of historic property to end,Other,0.9
39004,20030826,firman back in action tallis returns,Sports,0.9
49582,20031018,iraqi family continues detention centre protest,World,0.9
53000,20031104,champagne flows at flemington,Sports,0.85
18,20030219,bryant leads lakers to double overtime win,Sports,0.95
70253,20040203,pm admits wmd doubts growing,World,0.9
24952,20030619,australians care more about environment than,World,0.8
46304,20031002,phone services restored after major outage,Sci/Tech,0.9
64554,20040105,anglers plucked to safety after boat mishap,World,0.7
27127,20030629,farina blasts fifa world cup backflip,Sports,0.9
98052,20040620,two australians among five feared dead in,World,0.9
64513,20040104,samoa under threat as powerful cyclone nears,World,0.9
87743,20040429,pm unaware of fighter jets cost blowout,World,0.9
41263,20030906,police seize thousands of pirated dvds,World,0.9
31477,20030720,us troops detain iranian tv crew in iraq report,World,0.9
37619,20030819,council offers ses assurances,Other,0.7
77032,20040308,bee swarm rescue earns bravery award,Other,0.9
77025,20040308,authorities contain gas leak,World,0.9
20733,20030530,champions league final deserved better than this,Sports,0.9
91399,20040518,grain group predicts fewer farmers in future,Business,0.9
11507,20030415,iraqi western commander surrenders,World,0.9
24034,20030614,more mps join beazley camp,World,0.7
85709,20040419,revenge fantasies fuel us box office,Other,0.85
87361,20040428,arms cache and explosives found in syrian raid,World,0.9
63285,20031227,key rebel leader handed to indian police,World,0.9
32149,20030723,romans legion get ready to march on manchester,Sports,0.9
52539,20031101,freeman to run with olympic torch again,Sports,0.9
84120,20040411,light aircraft makes emergency landing near albury,World,0.9
81264,20040328,deportivo snatch last gasp win against sociedad,Sports,0.95
30663,20030716,missing teenagers found in fremantle,World,0.9
61671,20031217,cba warns of email fraud,Business,0.9
53357,20031106,esperance to revive ranger patrols,World,0.6
87167,20040427,democrats upbeat about sugar demands,World,0.7
11635,20030416,aussies bullish on spending,Business,0.9
93747,20040531,founding pms son to be singapores next leader,World,0.9
65263,20040108,education continues in bid to protect fish stocks,Sci/Tech,0.9
2910,20030304,rios and gambill advance in florida,Sports,0.9
89143,20040506,mundine loses world title,Sports,0.95
195,20030219,williams says tight bowling key to warriors win,Sports,1
68126,20040123,new category for tunarama festival tuna toss,Other,0.9
66973,20040116,us objects to wto trade sanctions,Business,0.9
22240,20030606,bribie is to get fire management plan,World,0.7
7172,20030325,no deal yet on turkish troop deployment,World,0.9
96751,20040614,powell praises saudi anti terrorism efforts,World,0.9
31057,20030718,court asked to ban ruddock home protest,World,0.9
63589,20031229,police probe house blaze,World,0.9
90384,20040513,anti freeze flounder reveals its secret,Sci/Tech,0.9
75626,20040301,canberra road works to claim 8000 trees,World,0.7
31721,20030721,wolfowitz in talks with iraqi kurds,World,0.9
12744,20030421,man in hospital after axe incident,World,0.9
12217,20030418,schumacher dominates first qualifying,Sports,0.9
50148,20031021,melbourne water restrictions to stay,World,0.9
44663,20030924,missing man found after car crash,World,0.9
9488,20030405,can donations open up for farmers,World,0.7
81188,20040327,south africa three down after century opening stand,Sports,0.9
22884,20030609,man arrested with wheelie bin full of explosives,World,0.9
76198,20040303,nt govt urged to address alice doctors issue,World,0.9
41540,20030908,nsw oppn makes noise over road funds,World,0.6
60232,20031210,cycling stars to race in launceston,Sports,0.95
69084,20040128,santos reports fall in 2003 revenue,Business,0.9
7602,20030327,israel raids gaza chasing arafat bodyguards,World,0.9
71418,20040209,policeman tells drugs probe he put mates before job,World,0.9
24956,20030619,beattie backs arnison as new g g,Other,0.7
59436,20031205,youths told to respect alcohol laws or face fines,World,0.9
86846,20040425,reds edge sharks in dismal low scoring match,Sports,1
33770,20030731,flexible builders lead rise in nt approvals,Business,0.9
48992,20031015,rock lobster forum heads for dongara,Other,0.7
67297,20040119,japan urged to drop beef tariff,Business,0.9
21053,20030531,streisand sues coast surveyors over house snaps,Other,0.9
66241,20040113,nab suspends four workers over rogue trading,Business,0.95
32787,20030726,nt drops routine sars screening,World,0.9
21462,20030602,teen dies during soccer match,Sports,0.9
16690,20030511,britain pulls spy out of ira amid exposure fears,World,0.9
5085,20030315,gremio win in libertadores to save coachs job,Sports,0.95
46288,20031002,nsw fears doctor walkout over levy,World,0.7
78394,20040314,spain arrests 5 over madrid bombings,World,0.9
3034,20030305,father of murdered woman pleads for public help,World,0.9
95635,20040609,farmers look to rain boost,World,0.7
54001,20031109,timeline terrorism in saudi arabia,World,0.9
61083,20031214,lets bury beckham bone incident pleads irureta,Sports,0.9
25032,20030619,health review set for release,Sci/Tech,0.7
12412,20030419,police clamp down on kite flying protesters,World,0.9
90061,20040511,mcgrath hopeful of zimbabwean truce,World,0.7
9822,20030407,compo claim sparks public liability concerns,Business,0.85
99375,20040626,un demands access to terrorism suspects,World,0.9
347,20030220,no penalties for church over damaged monument,World,0.9
47197,20031007,iraq foreign ministry hit by mortar attack,World,0.9
74603,20040225,alice springs faces pancreatic health woes,World,0.9
60538,20031211,journalist defends decision to enter aboriginal,World,0.7
17039,20030512,vic govt ministers head to horsham,World,0.7
81777,20040330,project manager optimistic about cunningham rail,Business,0.9
19867,20030526,memorial to honour rugby players,Sports,0.9
59387,20031205,rural work popular despite drought college says,World,0.7
21274,20030602,beekeeping industry abuzz over licences,Business,0.9
14441,20030429,scotland axes a team,Sports,0.9
8039,20030329,martyn to miss start of windies tour,Sports,0.9
96449,20040612,three in hospital with legionnaires,World,0.9
87252,20040427,new water pricing set to flow to customers,Business,0.9
12768,20030421,nz rally hero bourne in coma two days after car,Sports,0.9
18163,20030518,nswru to investigate end of season incident,Sports,0.9
60521,20031211,grinham into squash quarters,Sports,0.9
47793,20031009,truss urged to consider initial drought aid,World,0.7
18830,20030521,milosevic trial may run for years,World,0.9
71107,20040207,russia underground blast probe continues,World,0.9
79876,20040321,wenger promises all out assault on chelsea,Sports,0.9
16089,20030507,wired cubicles take net to new frontier,Sci/Tech,0.9
48711,20031014,one in 20 act drivers affected by rage,Other,0.9
48762,20031014,swimming coach on restricted duties during,Sports,0.9
73130,20040217,wonderland to become business park,Business,0.9
12631,20030420,title race to the wire as united and arsenal both,Sports,0.9
94698,20040604,customs seize huge drug shipment,World,0.9
7628,20030327,more blasts reported in baghdad,World,0.9
82264,20040401,police on alert after alleged teen rape,World,0.9
24688,20030617,watkins dobson agree police training can improve,World,0.7
10221,20030409,adelaide council candidates urged to detail vision,World,0.7
77667,20040310,springbock lock cleared of racism,Sports,0.95
94164,20040602,australians terror case delayed in lebanon,World,0.9
59477,20031206,diy cruise missile attracts defence offers,Sci/Tech,0.9
57127,20031125,man bashed over business failure court told,Business,0.9
57879,20031128,osasuna offer no home comforts for real madrid,Sports,0.9
48638,20031014,ferrari targets moto gp champ rossi,Sports,0.95
49360,20031017,fishermen welcome decision against national park,World,0.7
6651,20030323,dragons warriors broncos win thrillers,Sports,0.9
33703,20030731,ambush kills one us soldier wounds two in iraq,World,0.9
55331,20031116,knives out for mitchell as kiwis seek scapegoat,Sports,0.9
32481,20030725,bryant buys wife usd 4 million peace offering report,Sports,0.85
47033,20031006,report backs govt intervention for unborn babies,World,0.7
80757,20040325,police probe suspected drug overdoses,World,0.9
63526,20031229,dairy farmers reassured over parmalat,Business,0.9
40530,20030903,2002 drought will go down in history,World,0.9
6883,20030324,govt opens new areas for oil exploration,Business,0.9
40577,20030903,federal funds freeze for calder highway,World,0.85
30616,20030716,greens air port environment concerns,Sci/Tech,0.85
22406,20030606,sorenstam seeks her first lpga championship victory,Sports,0.9
44424,20030923,league legend beetson joins elite group,Sports,0.9
5433,20030317,peter matera contemplating retirement,Sports,0.9
10311,20030409,knights gain momentum with key players back,Sports,0.9
22715,20030608,police plead for safe driving over long weekend,World,0.9
38816,20030825,israeli gunship attack kills four palestinians,World,0.9
53052,20031104,launceston okays aquatic centre,Other,0.9
94057,20040601,mp suspended over pink ladies in parliament,World,0.9
8583,20030331,war not sparking north coast racial discrimination,World,0.9
8727,20030401,more must be done to reduce japanese beef tariffs,Business,0.9
14578,20030430,men unhealthy compared to women study,Sci/Tech,0.7
35811,20030810,mcgregor nyangelo take city to surf line honours,Sports,0.9
37693,20030819,man charged over gun incident,World,0.9
60877,20031212,storm leaves damage trail in lake macquarie,World,0.9
25075,20030619,musharraf warns of military imbalance with india,World,0.9
65216,20040108,aru in camp wallaby discussions,Sports,0.9
34218,20030802,fears of power blackouts in wake of utility reform,Business,0.9
